line_number,label,type
1,0,normal
2,0,normal
3,0,normal
4,0,normal
5,0,normal
6,0,normal
7,0,normal
8,0,normal
9,0,normal
10,0,normal
11,0,normal
12,0,normal
13,0,normal
14,0,normal
15,0,normal
16,0,normal
17,1,bruteforce
18,1,bruteforce
19,1,bruteforce
20,1,bruteforce
21,1,bruteforce
22,1,bruteforce
23,1,bruteforce
24,1,bruteforce
25,1,bruteforce
26,0,normal
27,0,normal
28,0,normal
29,0,normal
30,0,normal
31,0,normal
32,0,normal
33,0,normal
34,0,normal
35,0,normal
36,0,normal
37,0,normal
38,0,normal
39,0,normal
40,0,normal
41,0,normal
42,0,normal
43,0,normal
44,0,normal
45,0,normal
46,0,normal
47,0,normal
48,0,normal
49,0,normal
50,0,normal
51,0,normal
52,0,normal
53,0,normal
54,0,normal
55,0,normal
56,0,normal
57,0,normal
58,0,normal
59,1,scanner
60,0,normal
61,0,normal
62,0,normal
63,1,sqli
64,0,normal
65,0,normal
66,0,normal
67,0,normal
68,0,normal
69,0,normal
70,0,normal
71,0,normal
72,0,normal
73,0,normal
74,0,normal
75,0,normal
76,1,traversal
77,0,normal
78,0,normal
79,0,normal
80,0,normal
81,0,normal
82,0,normal
83,0,normal
84,0,normal
85,0,normal
86,0,normal
87,0,normal
88,0,normal
89,0,normal
90,0,normal
91,0,normal
92,0,normal
93,0,normal
94,0,normal
95,0,normal
96,0,normal
97,0,normal
98,0,normal
99,0,normal
100,0,normal
101,0,normal
102,0,normal
103,0,normal
104,0,normal
105,0,normal
106,0,normal
107,0,normal
108,0,normal
109,0,normal
110,0,normal
111,0,normal
112,0,normal
113,0,normal
114,0,normal
115,0,normal
116,0,normal
117,0,normal
118,1,sqli
119,0,normal
120,0,normal
121,0,normal
122,0,normal
123,0,normal
124,0,normal
125,0,normal
126,0,normal
127,0,normal
128,0,normal
129,0,normal
130,0,normal
131,0,normal
132,0,normal
133,0,normal
134,0,normal
135,0,normal
136,0,normal
137,0,normal
138,0,normal
139,0,normal
140,0,normal
141,0,normal
142,0,normal
143,0,normal
144,0,normal
145,0,normal
146,0,normal
147,0,normal
148,0,normal
149,0,normal
150,0,normal
151,0,normal
152,0,normal
153,0,normal
154,0,normal
155,0,normal
156,0,normal
157,0,normal
158,0,normal
159,0,normal
160,0,normal
161,0,normal
162,0,normal
163,0,normal
164,0,normal
165,0,normal
166,0,normal
167,0,normal
168,0,normal
169,0,normal
170,0,normal
171,0,normal
172,0,normal
173,0,normal
174,0,normal
175,0,normal
176,0,normal
177,0,normal
178,0,normal
179,0,normal
180,0,normal
181,0,normal
182,0,normal
183,0,normal
184,0,normal
185,0,normal
186,0,normal
187,0,normal
188,0,normal
189,0,normal
190,0,normal
191,0,normal
192,0,normal
193,1,xss
194,1,traversal
195,0,normal
196,0,normal
197,0,normal
198,0,normal
199,0,normal
200,0,normal
201,0,normal
202,0,normal
203,0,normal
204,0,normal
205,0,normal
206,0,normal
207,0,normal
208,0,normal
209,0,normal
210,0,normal
211,0,normal
212,0,normal
213,0,normal
214,0,normal
215,0,normal
216,0,normal
217,0,normal
218,0,normal
219,0,normal
220,0,normal
221,0,normal
222,0,normal
223,0,normal
224,0,normal
225,0,normal
226,0,normal
227,0,normal
228,0,normal
229,0,normal
230,0,normal
231,0,normal
232,0,normal
233,0,normal
234,0,normal
235,0,normal
236,0,normal
237,0,normal
238,0,normal
239,0,normal
240,0,normal
241,0,normal
242,0,normal
243,0,normal
244,0,normal
245,0,normal
246,0,normal
247,0,normal
248,0,normal
249,0,normal
250,0,normal
251,0,normal
252,0,normal
253,0,normal
254,0,normal
255,0,normal
256,1,scanner
257,0,normal
258,0,normal
259,0,normal
260,0,normal
261,0,normal
262,0,normal
263,0,normal
264,0,normal
265,0,normal
266,0,normal
267,0,normal
268,0,normal
269,0,normal
270,0,normal
271,0,normal
272,0,normal
273,0,normal
274,0,normal
275,0,normal
276,0,normal
277,0,normal
278,0,normal
279,0,normal
280,0,normal
281,0,normal
282,0,normal
283,0,normal
284,0,normal
285,0,normal
286,0,normal
287,0,normal
288,1,long_url
289,0,normal
290,0,normal
291,0,normal
292,0,normal
293,0,normal
294,0,normal
295,0,normal
296,0,normal
297,0,normal
298,0,normal
299,0,normal
300,0,normal
301,0,normal
302,0,normal
303,0,normal
304,0,normal
305,0,normal
306,0,normal
307,0,normal
308,1,bruteforce
309,1,bruteforce
310,1,bruteforce
311,1,bruteforce
312,1,bruteforce
313,1,bruteforce
314,1,bruteforce
315,1,bruteforce
316,1,bruteforce
317,1,bruteforce
318,1,bruteforce
319,1,bruteforce
320,1,bruteforce
321,0,normal
322,0,normal
323,0,normal
324,0,normal
325,0,normal
326,0,normal
327,0,normal
328,0,normal
329,1,sqli
330,0,normal
331,0,normal
332,0,normal
333,0,normal
334,0,normal
335,0,normal
336,0,normal
337,0,normal
338,0,normal
339,0,normal
340,0,normal
341,0,normal
342,0,normal
343,0,normal
344,0,normal
345,0,normal
346,0,normal
347,0,normal
348,0,normal
349,0,normal
350,0,normal
351,0,normal
352,0,normal
353,0,normal
354,0,normal
355,0,normal
356,0,normal
357,0,normal
358,0,normal
359,0,normal
360,0,normal
361,0,normal
362,0,normal
363,0,normal
364,0,normal
365,0,normal
366,0,normal
367,0,normal
368,0,normal
369,0,normal
370,0,normal
371,0,normal
372,0,normal
373,0,normal
374,0,normal
375,0,normal
376,0,normal
377,0,normal
378,0,normal
379,0,normal
380,0,normal
381,0,normal
382,0,normal
383,0,normal
384,0,normal
385,0,normal
386,0,normal
387,0,normal
388,0,normal
389,0,normal
390,0,normal
391,0,normal
392,0,normal
393,0,normal
394,0,normal
395,0,normal
396,0,normal
397,0,normal
398,0,normal
399,0,normal
400,0,normal
401,0,normal
402,0,normal
403,0,normal
404,0,normal
405,0,normal
406,0,normal
407,0,normal
408,1,long_url
409,0,normal
410,0,normal
411,0,normal
412,0,normal
413,0,normal
414,0,normal
415,0,normal
416,0,normal
417,0,normal
418,0,normal
419,0,normal
420,0,normal
421,0,normal
422,0,normal
423,0,normal
424,0,normal
425,0,normal
426,0,normal
427,0,normal
428,0,normal
429,0,normal
430,0,normal
431,0,normal
432,0,normal
433,0,normal
434,0,normal
435,0,normal
436,0,normal
437,0,normal
438,0,normal
439,0,normal
440,0,normal
441,0,normal
442,0,normal
443,0,normal
444,0,normal
445,0,normal
446,0,normal
447,0,normal
448,1,scanner
449,0,normal
450,0,normal
451,0,normal
452,0,normal
453,0,normal
454,0,normal
455,0,normal
456,0,normal
457,0,normal
458,0,normal
459,0,normal
460,0,normal
461,0,normal
462,0,normal
463,0,normal
464,0,normal
465,0,normal
466,0,normal
467,0,normal
468,0,normal
469,0,normal
470,0,normal
471,0,normal
472,0,normal
473,0,normal
474,0,normal
475,0,normal
476,0,normal
477,0,normal
478,0,normal
479,0,normal
480,0,normal
481,0,normal
482,0,normal
483,0,normal
484,0,normal
485,0,normal
486,0,normal
487,0,normal
488,0,normal
489,0,normal
490,0,normal
491,0,normal
492,0,normal
493,0,normal
494,0,normal
495,0,normal
496,0,normal
497,0,normal
498,0,normal
499,0,normal
500,0,normal
501,0,normal
502,0,normal
503,0,normal
504,0,normal
505,0,normal
506,0,normal
507,0,normal
508,0,normal
509,0,normal
510,0,normal
511,0,normal
512,0,normal
513,0,normal
514,1,error_burst
515,1,error_burst
516,1,error_burst
517,1,error_burst
518,1,error_burst
519,1,error_burst
520,1,error_burst
521,1,error_burst
522,1,error_burst
523,0,normal
524,0,normal
525,0,normal
526,0,normal
527,0,normal
528,0,normal
529,0,normal
530,0,normal
531,0,normal
532,0,normal
533,0,normal
534,0,normal
535,0,normal
536,0,normal
537,0,normal
538,0,normal
539,0,normal
540,0,normal
541,0,normal
542,0,normal
543,0,normal
544,0,normal
545,0,normal
546,0,normal
547,0,normal
548,0,normal
549,0,normal
550,0,normal
551,0,normal
552,0,normal
553,0,normal
554,0,normal
555,0,normal
556,0,normal
557,0,normal
558,0,normal
559,0,normal
560,0,normal
561,1,long_url
562,0,normal
563,0,normal
564,0,normal
565,0,normal
566,0,normal
567,0,normal
568,0,normal
569,0,normal
570,0,normal
571,0,normal
572,0,normal
573,0,normal
574,0,normal
575,0,normal
576,0,normal
577,0,normal
578,0,normal
579,0,normal
580,0,normal
581,0,normal
582,0,normal
583,0,normal
584,0,normal
585,0,normal
586,0,normal
587,0,normal
588,0,normal
589,0,normal
590,0,normal
591,0,normal
592,0,normal
593,0,normal
594,0,normal
595,0,normal
596,0,normal
597,0,normal
598,0,normal
599,0,normal
600,0,normal
601,0,normal
602,0,normal
603,0,normal
604,0,normal
605,0,normal
606,0,normal
607,0,normal
608,0,normal
609,0,normal
610,0,normal
611,0,normal
612,0,normal
613,0,normal
614,0,normal
615,0,normal
616,0,normal
617,0,normal
618,0,normal
619,0,normal
620,0,normal
621,0,normal
622,0,normal
623,0,normal
624,0,normal
625,0,normal
626,0,normal
627,0,normal
628,0,normal
629,0,normal
630,0,normal
631,0,normal
632,0,normal
633,0,normal
634,0,normal
635,0,normal
636,0,normal
637,0,normal
638,0,normal
639,0,normal
640,0,normal
641,0,normal
642,0,normal
643,0,normal
644,0,normal
645,0,normal
646,1,error_burst
647,1,error_burst
648,1,error_burst
649,1,error_burst
650,1,error_burst
651,1,error_burst
652,0,normal
653,0,normal
654,0,normal
655,0,normal
656,0,normal
657,0,normal
658,0,normal
659,0,normal
660,0,normal
661,0,normal
662,0,normal
663,0,normal
664,0,normal
665,0,normal
666,1,error_burst
667,1,error_burst
668,1,error_burst
669,1,error_burst
670,1,error_burst
671,1,error_burst
672,1,error_burst
673,1,error_burst
674,1,error_burst
675,1,error_burst
676,1,error_burst
677,1,error_burst
678,1,error_burst
679,0,normal
680,0,normal
681,0,normal
682,0,normal
683,0,normal
684,0,normal
685,0,normal
686,0,normal
687,0,normal
688,0,normal
689,0,normal
690,0,normal
691,0,normal
692,0,normal
693,0,normal
694,0,normal
695,1,long_url
696,0,normal
697,0,normal
698,0,normal
699,0,normal
700,0,normal
701,0,normal
702,0,normal
703,0,normal
704,0,normal
705,0,normal
706,0,normal
707,0,normal
708,0,normal
709,0,normal
710,0,normal
711,0,normal
712,0,normal
713,0,normal
714,0,normal
715,0,normal
716,0,normal
717,0,normal
718,0,normal
719,0,normal
720,0,normal
721,0,normal
722,0,normal
723,0,normal
724,0,normal
725,0,normal
726,0,normal
727,0,normal
728,0,normal
729,0,normal
730,0,normal
731,0,normal
732,0,normal
733,0,normal
734,0,normal
735,0,normal
736,0,normal
737,0,normal
738,0,normal
739,0,normal
740,0,normal
741,0,normal
742,0,normal
743,0,normal
744,0,normal
745,0,normal
746,0,normal
747,0,normal
748,0,normal
749,1,long_url
750,0,normal
751,0,normal
752,0,normal
753,0,normal
754,0,normal
755,0,normal
756,0,normal
757,0,normal
758,0,normal
759,0,normal
760,0,normal
761,0,normal
762,0,normal
763,0,normal
764,0,normal
765,0,normal
766,0,normal
767,0,normal
768,0,normal
769,0,normal
770,0,normal
771,0,normal
772,0,normal
773,0,normal
774,0,normal
775,0,normal
776,0,normal
777,0,normal
778,0,normal
779,0,normal
780,0,normal
781,0,normal
782,1,xss
783,0,normal
784,0,normal
785,0,normal
786,0,normal
787,0,normal
788,0,normal
789,0,normal
790,0,normal
791,0,normal
792,0,normal
793,0,normal
794,0,normal
795,0,normal
796,0,normal
797,0,normal
798,0,normal
799,0,normal
800,0,normal
801,0,normal
802,0,normal
803,0,normal
804,0,normal
805,0,normal
806,0,normal
807,0,normal
808,0,normal
809,0,normal
810,0,normal
811,0,normal
812,0,normal
813,1,bruteforce
814,1,bruteforce
815,1,bruteforce
816,1,bruteforce
817,1,bruteforce
818,1,bruteforce
819,1,bruteforce
820,1,bruteforce
821,1,bruteforce
822,1,bruteforce
823,1,bruteforce
824,0,normal
825,0,normal
826,0,normal
827,0,normal
828,0,normal
829,0,normal
830,0,normal
831,0,normal
832,0,normal
833,0,normal
834,0,normal
835,0,normal
836,0,normal
837,0,normal
838,0,normal
839,0,normal
840,0,normal
841,0,normal
842,0,normal
843,0,normal
844,0,normal
845,0,normal
846,0,normal
847,0,normal
848,0,normal
849,0,normal
850,0,normal
851,0,normal
852,0,normal
853,0,normal
854,0,normal
855,0,normal
856,0,normal
857,0,normal
858,0,normal
859,0,normal
860,0,normal
861,0,normal
862,0,normal
863,0,normal
864,0,normal
865,0,normal
866,0,normal
867,0,normal
868,0,normal
869,1,sqli
870,0,normal
871,0,normal
872,0,normal
873,0,normal
874,0,normal
875,0,normal
876,0,normal
877,0,normal
878,1,error_burst
879,1,error_burst
880,1,error_burst
881,1,error_burst
882,1,error_burst
883,1,error_burst
884,1,error_burst
885,1,error_burst
886,1,error_burst
887,1,error_burst
888,1,error_burst
889,1,error_burst
890,1,error_burst
891,1,error_burst
892,1,error_burst
893,1,error_burst
894,0,normal
895,0,normal
896,0,normal
897,0,normal
898,0,normal
899,0,normal
900,0,normal
901,0,normal
902,0,normal
903,0,normal
904,0,normal
905,0,normal
906,0,normal
907,0,normal
908,0,normal
909,0,normal
910,0,normal
911,0,normal
912,0,normal
913,1,long_url
914,0,normal
915,0,normal
916,0,normal
917,0,normal
918,0,normal
919,0,normal
920,0,normal
921,0,normal
922,0,normal
923,0,normal
924,0,normal
925,0,normal
926,0,normal
927,0,normal
928,0,normal
929,0,normal
930,0,normal
931,0,normal
932,0,normal
933,0,normal
934,0,normal
935,1,bruteforce
936,1,bruteforce
937,1,bruteforce
938,1,bruteforce
939,1,bruteforce
940,1,bruteforce
941,1,bruteforce
942,1,bruteforce
943,1,bruteforce
944,1,bruteforce
945,1,bruteforce
946,1,bruteforce
947,1,bruteforce
948,0,normal
949,0,normal
950,0,normal
951,0,normal
952,0,normal
953,0,normal
954,0,normal
955,0,normal
956,0,normal
957,0,normal
958,0,normal
959,0,normal
960,0,normal
961,0,normal
962,0,normal
963,0,normal
964,0,normal
965,0,normal
966,0,normal
967,0,normal
968,0,normal
969,0,normal
970,0,normal
971,0,normal
972,0,normal
973,0,normal
974,0,normal
975,0,normal
976,0,normal
977,0,normal
978,0,normal
979,0,normal
980,0,normal
981,0,normal
982,0,normal
983,0,normal
984,0,normal
985,0,normal
986,0,normal
987,0,normal
988,0,normal
989,0,normal
990,0,normal
991,0,normal
992,0,normal
993,0,normal
994,0,normal
995,0,normal
996,0,normal
997,0,normal
998,0,normal
999,0,normal
1000,0,normal
1001,0,normal
1002,0,normal
1003,0,normal
1004,0,normal
1005,0,normal
1006,0,normal
1007,0,normal
1008,0,normal
1009,0,normal
1010,0,normal
1011,0,normal
1012,0,normal
1013,0,normal
1014,0,normal
1015,0,normal
1016,0,normal
1017,0,normal
1018,0,normal
1019,0,normal
1020,0,normal
1021,0,normal
1022,0,normal
1023,0,normal
1024,0,normal
1025,0,normal
1026,0,normal
1027,0,normal
1028,0,normal
1029,0,normal
1030,0,normal
1031,0,normal
1032,0,normal
1033,0,normal
1034,0,normal
1035,0,normal
1036,0,normal
1037,0,normal
1038,0,normal
1039,0,normal
1040,0,normal
1041,0,normal
1042,0,normal
1043,0,normal
1044,0,normal
1045,0,normal
1046,0,normal
1047,0,normal
1048,0,normal
1049,0,normal
1050,0,normal
1051,0,normal
1052,0,normal
1053,0,normal
1054,0,normal
1055,0,normal
1056,0,normal
1057,0,normal
1058,0,normal
1059,0,normal
1060,0,normal
1061,0,normal
1062,0,normal
1063,0,normal
1064,0,normal
1065,0,normal
1066,0,normal
1067,0,normal
1068,0,normal
1069,0,normal
1070,0,normal
1071,0,normal
1072,0,normal
1073,0,normal
1074,0,normal
1075,0,normal
1076,0,normal
1077,1,bruteforce
1078,1,bruteforce
1079,1,bruteforce
1080,1,bruteforce
1081,1,bruteforce
1082,1,bruteforce
1083,1,bruteforce
1084,1,bruteforce
1085,1,bruteforce
1086,1,bruteforce
1087,1,bruteforce
1088,1,bruteforce
1089,1,bruteforce
1090,0,normal
1091,0,normal
1092,0,normal
1093,0,normal
1094,0,normal
1095,0,normal
1096,0,normal
1097,0,normal
1098,0,normal
1099,0,normal
1100,0,normal
1101,0,normal
1102,0,normal
1103,0,normal
1104,1,error_burst
1105,1,error_burst
1106,1,error_burst
1107,1,error_burst
1108,1,error_burst
1109,1,error_burst
1110,1,error_burst
1111,1,error_burst
1112,1,error_burst
1113,1,error_burst
1114,1,error_burst
1115,1,error_burst
1116,1,error_burst
1117,1,error_burst
1118,1,error_burst
1119,1,error_burst
1120,0,normal
1121,0,normal
1122,0,normal
1123,0,normal
1124,0,normal
1125,0,normal
1126,0,normal
1127,0,normal
1128,0,normal
1129,0,normal
1130,0,normal
1131,0,normal
1132,0,normal
1133,0,normal
1134,0,normal
1135,0,normal
1136,0,normal
1137,0,normal
1138,0,normal
1139,0,normal
1140,0,normal
1141,0,normal
1142,0,normal
1143,0,normal
1144,0,normal
1145,0,normal
1146,0,normal
1147,0,normal
1148,0,normal
1149,0,normal
1150,0,normal
1151,0,normal
1152,0,normal
1153,0,normal
1154,0,normal
1155,0,normal
1156,0,normal
1157,0,normal
1158,0,normal
1159,0,normal
1160,0,normal
1161,0,normal
1162,0,normal
1163,0,normal
1164,0,normal
1165,0,normal
1166,0,normal
1167,0,normal
1168,0,normal
1169,0,normal
1170,0,normal
1171,0,normal
1172,0,normal
1173,1,scanner
1174,0,normal
1175,0,normal
1176,0,normal
1177,0,normal
1178,0,normal
1179,0,normal
1180,0,normal
1181,0,normal
1182,0,normal
1183,0,normal
1184,0,normal
1185,0,normal
1186,0,normal
1187,0,normal
1188,0,normal
1189,0,normal
1190,0,normal
1191,0,normal
1192,0,normal
1193,0,normal
1194,0,normal
1195,0,normal
1196,0,normal
1197,0,normal
1198,0,normal
1199,0,normal
1200,0,normal
1201,0,normal
1202,0,normal
1203,0,normal
1204,0,normal
1205,0,normal
1206,0,normal
1207,0,normal
1208,0,normal
1209,0,normal
1210,0,normal
1211,1,bruteforce
1212,1,bruteforce
1213,1,bruteforce
1214,1,bruteforce
1215,1,bruteforce
1216,1,bruteforce
1217,1,bruteforce
1218,1,bruteforce
1219,1,bruteforce
1220,1,bruteforce
1221,1,bruteforce
1222,1,bruteforce
1223,1,bruteforce
1224,0,normal
1225,0,normal
1226,0,normal
1227,0,normal
1228,0,normal
1229,0,normal
1230,0,normal
1231,0,normal
1232,0,normal
1233,0,normal
1234,0,normal
1235,0,normal
1236,1,bruteforce
1237,1,bruteforce
1238,1,bruteforce
1239,1,bruteforce
1240,1,bruteforce
1241,1,bruteforce
1242,1,bruteforce
1243,1,bruteforce
1244,1,bruteforce
1245,1,bruteforce
1246,1,bruteforce
1247,1,bruteforce
1248,1,bruteforce
1249,1,bruteforce
1250,0,normal
1251,0,normal
1252,0,normal
1253,0,normal
1254,0,normal
1255,1,error_burst
1256,1,error_burst
1257,1,error_burst
1258,1,error_burst
1259,1,error_burst
1260,1,error_burst
1261,1,error_burst
1262,1,error_burst
1263,1,error_burst
1264,1,error_burst
1265,1,error_burst
1266,0,normal
1267,0,normal
1268,0,normal
1269,0,normal
1270,0,normal
1271,0,normal
1272,0,normal
1273,0,normal
1274,1,xss
1275,0,normal
1276,0,normal
1277,0,normal
1278,0,normal
1279,0,normal
1280,0,normal
1281,0,normal
1282,0,normal
1283,0,normal
1284,0,normal
1285,1,error_burst
1286,1,error_burst
1287,1,error_burst
1288,1,error_burst
1289,1,error_burst
1290,1,error_burst
1291,1,error_burst
1292,1,error_burst
1293,1,error_burst
1294,1,error_burst
1295,0,normal
1296,0,normal
1297,0,normal
1298,0,normal
1299,0,normal
1300,0,normal
1301,0,normal
1302,0,normal
1303,0,normal
1304,0,normal
1305,0,normal
1306,0,normal
1307,0,normal
1308,0,normal
1309,0,normal
1310,0,normal
1311,0,normal
1312,0,normal
1313,0,normal
1314,0,normal
1315,0,normal
1316,0,normal
1317,0,normal
1318,0,normal
1319,1,traversal
1320,0,normal
1321,0,normal
1322,0,normal
1323,0,normal
1324,0,normal
1325,0,normal
1326,0,normal
1327,0,normal
1328,0,normal
1329,0,normal
1330,0,normal
1331,1,error_burst
1332,1,error_burst
1333,1,error_burst
1334,1,error_burst
1335,1,error_burst
1336,1,error_burst
1337,1,error_burst
1338,1,error_burst
1339,1,error_burst
1340,1,error_burst
1341,1,error_burst
1342,0,normal
1343,0,normal
1344,0,normal
1345,0,normal
1346,0,normal
1347,0,normal
1348,0,normal
1349,0,normal
1350,0,normal
1351,0,normal
1352,0,normal
1353,0,normal
1354,0,normal
1355,0,normal
1356,0,normal
1357,0,normal
1358,0,normal
1359,0,normal
1360,0,normal
1361,0,normal
1362,0,normal
1363,0,normal
1364,0,normal
1365,0,normal
1366,0,normal
1367,0,normal
1368,0,normal
1369,0,normal
1370,0,normal
1371,0,normal
1372,0,normal
1373,0,normal
1374,0,normal
1375,0,normal
1376,0,normal
1377,0,normal
1378,0,normal
1379,0,normal
1380,0,normal
1381,0,normal
1382,0,normal
1383,0,normal
1384,0,normal
1385,0,normal
1386,1,long_url
1387,0,normal
1388,0,normal
1389,0,normal
1390,0,normal
1391,0,normal
1392,1,error_burst
1393,1,error_burst
1394,1,error_burst
1395,1,error_burst
1396,1,error_burst
1397,1,error_burst
1398,1,error_burst
1399,1,error_burst
1400,0,normal
1401,0,normal
1402,0,normal
1403,0,normal
1404,0,normal
1405,0,normal
1406,0,normal
1407,0,normal
1408,0,normal
1409,0,normal
1410,0,normal
1411,0,normal
1412,0,normal
1413,0,normal
1414,0,normal
1415,0,normal
1416,0,normal
1417,1,bruteforce
1418,1,bruteforce
1419,1,bruteforce
1420,1,bruteforce
1421,1,bruteforce
1422,1,bruteforce
1423,1,bruteforce
1424,1,bruteforce
1425,1,bruteforce
1426,1,bruteforce
1427,1,bruteforce
1428,1,bruteforce
1429,1,bruteforce
1430,1,bruteforce
1431,1,bruteforce
1432,0,normal
1433,0,normal
1434,0,normal
1435,0,normal
1436,0,normal
1437,0,normal
1438,0,normal
1439,0,normal
1440,0,normal
1441,0,normal
1442,0,normal
1443,0,normal
1444,0,normal
1445,0,normal
1446,0,normal
1447,0,normal
1448,0,normal
1449,0,normal
1450,0,normal
1451,0,normal
1452,0,normal
1453,0,normal
1454,0,normal
1455,0,normal
1456,0,normal
1457,0,normal
1458,0,normal
1459,0,normal
1460,0,normal
1461,0,normal
1462,0,normal
1463,0,normal
1464,0,normal
1465,0,normal
1466,0,normal
1467,0,normal
1468,0,normal
1469,0,normal
1470,0,normal
1471,0,normal
1472,0,normal
1473,0,normal
1474,0,normal
1475,0,normal
1476,0,normal
1477,0,normal
1478,0,normal
1479,0,normal
1480,0,normal
1481,0,normal
1482,0,normal
1483,0,normal
1484,0,normal
1485,0,normal
1486,1,sqli
1487,0,normal
1488,0,normal
1489,0,normal
1490,0,normal
1491,0,normal
1492,0,normal
1493,0,normal
1494,0,normal
1495,0,normal
1496,0,normal
1497,0,normal
1498,0,normal
1499,0,normal
1500,0,normal
1501,0,normal
1502,0,normal
1503,0,normal
1504,0,normal
1505,0,normal
1506,0,normal
1507,0,normal
1508,0,normal
1509,0,normal
1510,0,normal
1511,0,normal
1512,0,normal
1513,0,normal
1514,0,normal
1515,0,normal
1516,0,normal
1517,0,normal
1518,0,normal
1519,0,normal
1520,0,normal
1521,0,normal
1522,0,normal
1523,0,normal
1524,0,normal
1525,0,normal
1526,0,normal
1527,0,normal
1528,0,normal
1529,0,normal
1530,0,normal
1531,0,normal
1532,0,normal
1533,0,normal
1534,0,normal
1535,0,normal
1536,0,normal
1537,0,normal
1538,0,normal
1539,0,normal
1540,0,normal
1541,0,normal
1542,0,normal
1543,0,normal
1544,0,normal
1545,0,normal
1546,0,normal
1547,0,normal
1548,0,normal
1549,0,normal
1550,0,normal
1551,0,normal
1552,0,normal
1553,0,normal
1554,0,normal
1555,0,normal
1556,0,normal
1557,0,normal
1558,0,normal
1559,0,normal
1560,0,normal
1561,0,normal
1562,0,normal
1563,1,error_burst
1564,1,error_burst
1565,1,error_burst
1566,1,error_burst
1567,1,error_burst
1568,1,error_burst
1569,1,error_burst
1570,1,error_burst
1571,1,error_burst
1572,1,error_burst
1573,1,error_burst
1574,1,error_burst
1575,1,error_burst
1576,1,error_burst
1577,0,normal
1578,0,normal
1579,0,normal
1580,0,normal
1581,0,normal
1582,0,normal
1583,0,normal
1584,0,normal
1585,0,normal
1586,0,normal
1587,0,normal
1588,0,normal
1589,0,normal
1590,0,normal
1591,0,normal
1592,1,long_url
1593,0,normal
1594,0,normal
1595,0,normal
1596,0,normal
1597,0,normal
1598,0,normal
1599,0,normal
1600,1,bruteforce
1601,1,bruteforce
1602,1,bruteforce
1603,1,bruteforce
1604,1,bruteforce
1605,1,bruteforce
1606,1,bruteforce
1607,1,bruteforce
1608,1,bruteforce
1609,1,bruteforce
1610,1,bruteforce
1611,1,bruteforce
1612,0,normal
1613,0,normal
1614,0,normal
1615,0,normal
1616,0,normal
1617,0,normal
1618,0,normal
1619,0,normal
1620,0,normal
1621,0,normal
1622,0,normal
1623,0,normal
1624,0,normal
1625,0,normal
1626,0,normal
1627,0,normal
1628,0,normal
1629,0,normal
1630,0,normal
1631,0,normal
1632,0,normal
1633,0,normal
1634,0,normal
1635,0,normal
1636,0,normal
1637,0,normal
1638,1,error_burst
1639,1,error_burst
1640,1,error_burst
1641,1,error_burst
1642,1,error_burst
1643,1,error_burst
1644,1,error_burst
1645,1,error_burst
1646,1,error_burst
1647,1,error_burst
1648,0,normal
1649,0,normal
1650,0,normal
1651,0,normal
1652,0,normal
1653,0,normal
1654,1,xss
1655,0,normal
1656,0,normal
1657,0,normal
1658,0,normal
1659,0,normal
1660,0,normal
1661,1,error_burst
1662,1,error_burst
1663,1,error_burst
1664,1,error_burst
1665,1,error_burst
1666,1,error_burst
1667,0,normal
1668,0,normal
1669,0,normal
1670,0,normal
1671,0,normal
1672,0,normal
1673,0,normal
1674,0,normal
1675,0,normal
1676,0,normal
1677,0,normal
1678,0,normal
1679,0,normal
1680,0,normal
1681,0,normal
1682,0,normal
1683,0,normal
1684,0,normal
1685,0,normal
1686,0,normal
1687,0,normal
1688,0,normal
1689,0,normal
1690,0,normal
1691,0,normal
1692,0,normal
1693,0,normal
1694,0,normal
1695,0,normal
1696,0,normal
1697,0,normal
1698,0,normal
1699,0,normal
1700,0,normal
1701,0,normal
1702,1,bruteforce
1703,1,bruteforce
1704,1,bruteforce
1705,1,bruteforce
1706,1,bruteforce
1707,1,bruteforce
1708,1,bruteforce
1709,1,bruteforce
1710,1,bruteforce
1711,1,bruteforce
1712,1,bruteforce
1713,1,bruteforce
1714,1,bruteforce
1715,1,bruteforce
1716,1,bruteforce
1717,0,normal
1718,0,normal
1719,0,normal
1720,0,normal
1721,0,normal
1722,0,normal
1723,0,normal
1724,0,normal
1725,0,normal
1726,0,normal
1727,1,xss
1728,0,normal
1729,0,normal
1730,0,normal
1731,0,normal
1732,0,normal
1733,0,normal
1734,0,normal
1735,0,normal
1736,0,normal
1737,0,normal
1738,0,normal
1739,0,normal
1740,0,normal
1741,0,normal
1742,0,normal
1743,0,normal
1744,0,normal
1745,0,normal
1746,0,normal
1747,0,normal
1748,0,normal
1749,0,normal
1750,0,normal
1751,0,normal
1752,0,normal
1753,0,normal
1754,0,normal
1755,0,normal
1756,0,normal
1757,0,normal
1758,0,normal
1759,0,normal
1760,0,normal
1761,0,normal
1762,0,normal
1763,0,normal
1764,0,normal
1765,0,normal
1766,0,normal
1767,0,normal
1768,0,normal
1769,0,normal
1770,0,normal
1771,0,normal
1772,0,normal
1773,0,normal
1774,0,normal
1775,0,normal
1776,0,normal
1777,0,normal
1778,0,normal
1779,0,normal
1780,0,normal
1781,0,normal
1782,0,normal
1783,0,normal
1784,0,normal
1785,0,normal
1786,0,normal
1787,0,normal
1788,0,normal
1789,0,normal
1790,0,normal
1791,0,normal
1792,0,normal
1793,0,normal
1794,0,normal
1795,0,normal
1796,0,normal
1797,1,traversal
1798,0,normal
1799,0,normal
1800,0,normal
1801,0,normal
1802,0,normal
1803,0,normal
1804,0,normal
1805,0,normal
1806,0,normal
1807,0,normal
1808,0,normal
1809,0,normal
1810,0,normal
1811,0,normal
1812,0,normal
1813,0,normal
1814,0,normal
1815,0,normal
1816,0,normal
1817,0,normal
1818,0,normal
1819,0,normal
1820,0,normal
1821,0,normal
1822,0,normal
1823,0,normal
1824,0,normal
1825,0,normal
1826,0,normal
1827,0,normal
1828,0,normal
1829,0,normal
1830,0,normal
1831,0,normal
1832,0,normal
1833,0,normal
1834,0,normal
1835,0,normal
1836,0,normal
1837,0,normal
1838,0,normal
1839,0,normal
1840,0,normal
1841,0,normal
1842,0,normal
1843,0,normal
1844,0,normal
1845,0,normal
1846,0,normal
1847,0,normal
1848,0,normal
1849,0,normal
1850,0,normal
1851,1,sqli
1852,0,normal
1853,0,normal
1854,0,normal
1855,0,normal
1856,0,normal
1857,0,normal
1858,0,normal
1859,0,normal
1860,0,normal
1861,0,normal
1862,0,normal
1863,0,normal
1864,0,normal
1865,0,normal
1866,0,normal
1867,0,normal
1868,0,normal
1869,0,normal
1870,0,normal
1871,0,normal
1872,0,normal
1873,0,normal
1874,0,normal
1875,0,normal
1876,0,normal
1877,0,normal
1878,0,normal
1879,0,normal
1880,0,normal
1881,0,normal
1882,0,normal
1883,0,normal
1884,0,normal
1885,0,normal
1886,0,normal
1887,0,normal
1888,0,normal
1889,0,normal
1890,0,normal
1891,0,normal
1892,0,normal
1893,0,normal
1894,0,normal
1895,0,normal
1896,0,normal
1897,0,normal
1898,0,normal
1899,0,normal
1900,0,normal
1901,1,scanner
1902,0,normal
1903,0,normal
1904,0,normal
1905,0,normal
1906,0,normal
1907,0,normal
1908,0,normal
1909,0,normal
1910,0,normal
1911,0,normal
1912,0,normal
1913,0,normal
1914,0,normal
1915,0,normal
1916,0,normal
1917,1,sqli
1918,0,normal
1919,0,normal
1920,0,normal
1921,0,normal
1922,0,normal
1923,0,normal
1924,0,normal
1925,0,normal
1926,0,normal
1927,0,normal
1928,0,normal
1929,0,normal
1930,0,normal
1931,0,normal
1932,0,normal
1933,0,normal
1934,0,normal
1935,0,normal
1936,0,normal
1937,0,normal
1938,0,normal
1939,0,normal
1940,0,normal
1941,0,normal
1942,0,normal
1943,0,normal
1944,0,normal
1945,0,normal
1946,0,normal
1947,0,normal
1948,0,normal
1949,0,normal
1950,0,normal
1951,0,normal
1952,0,normal
1953,0,normal
1954,0,normal
1955,0,normal
1956,0,normal
1957,0,normal
1958,0,normal
1959,0,normal
1960,0,normal
1961,0,normal
1962,0,normal
1963,0,normal
1964,0,normal
1965,0,normal
1966,0,normal
1967,0,normal
1968,0,normal
1969,0,normal
1970,0,normal
1971,0,normal
1972,0,normal
1973,0,normal
1974,0,normal
1975,0,normal
1976,0,normal
1977,0,normal
1978,0,normal
1979,0,normal
1980,0,normal
1981,0,normal
1982,0,normal
1983,1,bruteforce
1984,1,bruteforce
1985,1,bruteforce
1986,1,bruteforce
1987,1,bruteforce
1988,1,bruteforce
1989,1,bruteforce
1990,1,bruteforce
1991,1,bruteforce
1992,1,bruteforce
1993,0,normal
1994,0,normal
1995,0,normal
1996,0,normal
1997,0,normal
1998,0,normal
1999,0,normal
2000,0,normal
2001,0,normal
2002,0,normal
2003,0,normal
2004,0,normal
2005,0,normal
2006,0,normal
2007,0,normal
2008,0,normal
2009,0,normal
2010,0,normal
2011,1,error_burst
2012,1,error_burst
2013,1,error_burst
2014,1,error_burst
2015,1,error_burst
2016,1,error_burst
2017,1,error_burst
2018,0,normal
2019,0,normal
2020,0,normal
2021,0,normal
2022,0,normal
2023,0,normal
2024,0,normal
2025,0,normal
2026,0,normal
2027,0,normal
2028,0,normal
2029,0,normal
2030,0,normal
2031,1,sqli
2032,0,normal
2033,0,normal
2034,0,normal
2035,0,normal
2036,0,normal
2037,0,normal
2038,0,normal
2039,0,normal
2040,0,normal
2041,0,normal
2042,0,normal
2043,0,normal
2044,0,normal
2045,0,normal
2046,0,normal
2047,0,normal
2048,0,normal
2049,0,normal
2050,0,normal
2051,0,normal
2052,0,normal
2053,0,normal
2054,0,normal
2055,0,normal
2056,0,normal
2057,0,normal
2058,0,normal
2059,0,normal
2060,0,normal
2061,0,normal
2062,0,normal
2063,1,scanner
2064,0,normal
2065,0,normal
2066,0,normal
2067,0,normal
2068,0,normal
2069,0,normal
2070,0,normal
2071,0,normal
2072,0,normal
2073,0,normal
2074,0,normal
2075,0,normal
2076,0,normal
2077,0,normal
2078,0,normal
2079,0,normal
2080,0,normal
2081,0,normal
2082,0,normal
2083,0,normal
2084,0,normal
2085,0,normal
2086,0,normal
2087,0,normal
2088,0,normal
2089,0,normal
2090,0,normal
2091,0,normal
2092,0,normal
2093,0,normal
2094,0,normal
2095,0,normal
2096,0,normal
2097,0,normal
2098,0,normal
2099,0,normal
2100,0,normal
2101,0,normal
2102,0,normal
2103,0,normal
2104,0,normal
2105,0,normal
2106,0,normal
2107,0,normal
2108,1,long_url
2109,0,normal
2110,1,scanner
2111,0,normal
2112,0,normal
2113,0,normal
2114,0,normal
2115,0,normal
2116,0,normal
2117,0,normal
2118,0,normal
2119,0,normal
2120,0,normal
2121,0,normal
2122,0,normal
2123,1,traversal
2124,0,normal
2125,0,normal
2126,0,normal
2127,1,sqli
2128,0,normal
2129,0,normal
2130,0,normal
2131,0,normal
2132,1,xss
2133,0,normal
2134,0,normal
2135,0,normal
2136,0,normal
2137,0,normal
2138,0,normal
2139,0,normal
2140,0,normal
2141,0,normal
2142,0,normal
2143,0,normal
2144,0,normal
2145,0,normal
2146,0,normal
2147,0,normal
2148,0,normal
2149,0,normal
2150,0,normal
2151,1,scanner
2152,0,normal
2153,0,normal
2154,0,normal
2155,0,normal
2156,0,normal
2157,0,normal
2158,0,normal
2159,0,normal
2160,0,normal
2161,0,normal
2162,0,normal
2163,0,normal
2164,0,normal
2165,0,normal
2166,0,normal
2167,0,normal
2168,0,normal
2169,0,normal
2170,0,normal
2171,0,normal
2172,0,normal
2173,0,normal
2174,0,normal
2175,0,normal
2176,0,normal
2177,0,normal
2178,0,normal
2179,0,normal
2180,0,normal
2181,0,normal
2182,0,normal
2183,0,normal
2184,0,normal
2185,0,normal
2186,0,normal
2187,0,normal
2188,0,normal
2189,0,normal
2190,0,normal
2191,0,normal
2192,0,normal
2193,0,normal
2194,0,normal
2195,0,normal
2196,0,normal
2197,0,normal
2198,1,xss
2199,0,normal
2200,0,normal
2201,0,normal
2202,0,normal
2203,0,normal
2204,0,normal
2205,0,normal
2206,0,normal
2207,0,normal
2208,0,normal
2209,0,normal
2210,0,normal
2211,0,normal
2212,0,normal
2213,0,normal
2214,0,normal
2215,0,normal
2216,0,normal
2217,0,normal
2218,0,normal
2219,0,normal
2220,0,normal
2221,0,normal
2222,0,normal
2223,0,normal
2224,0,normal
2225,0,normal
2226,0,normal
2227,0,normal
2228,0,normal
2229,0,normal
2230,0,normal
2231,0,normal
2232,0,normal
2233,0,normal
2234,0,normal
2235,0,normal
2236,0,normal
2237,0,normal
2238,0,normal
2239,0,normal
2240,0,normal
2241,0,normal
2242,0,normal
2243,0,normal
2244,0,normal
2245,0,normal
2246,0,normal
2247,0,normal
2248,0,normal
2249,0,normal
2250,0,normal
2251,1,long_url
2252,0,normal
2253,0,normal
2254,0,normal
2255,0,normal
2256,0,normal
2257,0,normal
2258,0,normal
2259,0,normal
2260,0,normal
2261,0,normal
2262,0,normal
2263,0,normal
2264,0,normal
2265,0,normal
2266,0,normal
2267,0,normal
2268,0,normal
2269,0,normal
2270,0,normal
2271,0,normal
2272,0,normal
2273,0,normal
2274,0,normal
2275,0,normal
2276,0,normal
2277,0,normal
2278,0,normal
2279,0,normal
2280,0,normal
2281,0,normal
2282,0,normal
2283,0,normal
2284,0,normal
2285,0,normal
2286,0,normal
2287,0,normal
2288,0,normal
2289,1,sqli
2290,0,normal
2291,0,normal
2292,0,normal
2293,0,normal
2294,0,normal
2295,0,normal
2296,0,normal
2297,0,normal
2298,0,normal
2299,0,normal
2300,0,normal
2301,0,normal
2302,0,normal
2303,0,normal
2304,0,normal
2305,0,normal
2306,0,normal
2307,0,normal
2308,0,normal
2309,0,normal
2310,0,normal
2311,0,normal
2312,0,normal
2313,0,normal
2314,1,bruteforce
2315,1,bruteforce
2316,1,bruteforce
2317,1,bruteforce
2318,1,bruteforce
2319,1,bruteforce
2320,1,bruteforce
2321,1,bruteforce
2322,1,bruteforce
2323,1,bruteforce
2324,1,long_url
2325,0,normal
2326,0,normal
2327,0,normal
2328,0,normal
2329,0,normal
2330,0,normal
2331,0,normal
2332,0,normal
2333,0,normal
2334,0,normal
2335,0,normal
2336,0,normal
2337,0,normal
2338,0,normal
2339,0,normal
2340,0,normal
2341,0,normal
2342,0,normal
2343,0,normal
2344,0,normal
2345,0,normal
2346,0,normal
2347,0,normal
2348,0,normal
2349,0,normal
2350,0,normal
2351,0,normal
2352,0,normal
2353,0,normal
2354,0,normal
2355,0,normal
2356,0,normal
2357,0,normal
2358,0,normal
2359,0,normal
2360,0,normal
2361,0,normal
2362,0,normal
2363,0,normal
2364,0,normal
2365,0,normal
2366,0,normal
2367,0,normal
2368,0,normal
2369,0,normal
2370,0,normal
2371,0,normal
2372,0,normal
2373,0,normal
2374,0,normal
2375,0,normal
2376,0,normal
2377,0,normal
2378,0,normal
2379,0,normal
2380,0,normal
2381,0,normal
2382,0,normal
2383,0,normal
2384,0,normal
2385,0,normal
2386,0,normal
2387,0,normal
2388,0,normal
2389,0,normal
2390,0,normal
2391,0,normal
2392,0,normal
2393,0,normal
2394,0,normal
2395,0,normal
2396,0,normal
2397,0,normal
2398,0,normal
2399,0,normal
2400,0,normal
2401,0,normal
2402,0,normal
2403,0,normal
2404,0,normal
2405,0,normal
2406,0,normal
2407,0,normal
2408,0,normal
2409,0,normal
2410,0,normal
2411,0,normal
2412,0,normal
2413,0,normal
2414,0,normal
2415,0,normal
2416,0,normal
2417,0,normal
2418,0,normal
2419,0,normal
2420,0,normal
2421,0,normal
2422,0,normal
2423,0,normal
2424,0,normal
2425,0,normal
2426,0,normal
2427,0,normal
2428,0,normal
2429,0,normal
2430,0,normal
2431,0,normal
2432,0,normal
2433,0,normal
2434,0,normal
2435,0,normal
2436,0,normal
2437,0,normal
2438,0,normal
2439,0,normal
2440,0,normal
2441,0,normal
2442,0,normal
2443,0,normal
2444,0,normal
2445,1,long_url
2446,0,normal
2447,0,normal
2448,0,normal
2449,0,normal
2450,0,normal
2451,0,normal
2452,0,normal
2453,0,normal
2454,0,normal
2455,0,normal
2456,0,normal
2457,0,normal
2458,0,normal
2459,0,normal
2460,0,normal
2461,0,normal
2462,0,normal
2463,0,normal
2464,0,normal
2465,0,normal
2466,0,normal
2467,0,normal
2468,0,normal
2469,0,normal
2470,0,normal
2471,0,normal
2472,0,normal
2473,0,normal
2474,0,normal
2475,0,normal
2476,0,normal
2477,0,normal
2478,0,normal
2479,0,normal
2480,0,normal
2481,0,normal
2482,0,normal
2483,0,normal
2484,0,normal
2485,0,normal
2486,0,normal
2487,0,normal
2488,0,normal
2489,0,normal
2490,0,normal
2491,0,normal
2492,0,normal
2493,0,normal
2494,0,normal
2495,0,normal
2496,0,normal
2497,0,normal
2498,0,normal
2499,0,normal
2500,0,normal
2501,0,normal
2502,0,normal
2503,0,normal
2504,0,normal
2505,0,normal
2506,0,normal
2507,0,normal
2508,0,normal
2509,0,normal
2510,0,normal
2511,0,normal
2512,0,normal
2513,0,normal
2514,0,normal
2515,0,normal
2516,0,normal
2517,0,normal
2518,0,normal
2519,0,normal
2520,0,normal
2521,0,normal
2522,1,traversal
2523,0,normal
2524,0,normal
2525,0,normal
2526,0,normal
2527,0,normal
2528,0,normal
2529,0,normal
2530,0,normal
2531,0,normal
2532,0,normal
2533,0,normal
2534,0,normal
2535,0,normal
2536,0,normal
2537,0,normal
2538,0,normal
2539,0,normal
2540,0,normal
2541,0,normal
2542,0,normal
2543,0,normal
2544,0,normal
2545,0,normal
2546,0,normal
2547,0,normal
2548,0,normal
2549,0,normal
2550,0,normal
2551,0,normal
2552,0,normal
2553,0,normal
2554,0,normal
2555,0,normal
2556,0,normal
2557,0,normal
2558,0,normal
2559,0,normal
2560,0,normal
2561,0,normal
2562,0,normal
2563,0,normal
2564,0,normal
2565,0,normal
2566,0,normal
2567,0,normal
2568,0,normal
2569,0,normal
2570,0,normal
2571,0,normal
2572,1,error_burst
2573,1,error_burst
2574,1,error_burst
2575,1,error_burst
2576,1,error_burst
2577,1,error_burst
2578,1,error_burst
2579,1,error_burst
2580,1,error_burst
2581,0,normal
2582,0,normal
2583,0,normal
2584,0,normal
2585,0,normal
2586,0,normal
2587,0,normal
2588,0,normal
2589,0,normal
2590,0,normal
2591,0,normal
2592,1,error_burst
2593,1,error_burst
2594,1,error_burst
2595,1,error_burst
2596,1,error_burst
2597,1,error_burst
2598,1,error_burst
2599,1,error_burst
2600,1,error_burst
2601,1,error_burst
2602,1,error_burst
2603,0,normal
2604,0,normal
2605,0,normal
2606,0,normal
2607,0,normal
2608,0,normal
2609,0,normal
2610,0,normal
2611,0,normal
2612,0,normal
2613,0,normal
2614,0,normal
2615,0,normal
2616,0,normal
2617,0,normal
2618,0,normal
2619,0,normal
2620,0,normal
2621,0,normal
2622,0,normal
2623,0,normal
2624,0,normal
2625,0,normal
2626,0,normal
2627,0,normal
2628,0,normal
2629,0,normal
2630,0,normal
2631,0,normal
2632,0,normal
2633,0,normal
2634,0,normal
2635,0,normal
2636,0,normal
2637,0,normal
2638,0,normal
2639,0,normal
2640,0,normal
2641,0,normal
2642,0,normal
2643,0,normal
2644,0,normal
2645,0,normal
2646,0,normal
2647,0,normal
2648,0,normal
2649,0,normal
2650,0,normal
2651,0,normal
2652,0,normal
2653,0,normal
2654,0,normal
2655,0,normal
2656,0,normal
2657,0,normal
2658,0,normal
2659,0,normal
2660,0,normal
2661,0,normal
2662,0,normal
2663,0,normal
2664,0,normal
2665,0,normal
2666,0,normal
2667,0,normal
2668,0,normal
2669,0,normal
2670,0,normal
2671,0,normal
2672,0,normal
2673,0,normal
2674,1,error_burst
2675,1,error_burst
2676,1,error_burst
2677,1,error_burst
2678,1,error_burst
2679,1,error_burst
2680,1,error_burst
2681,1,error_burst
2682,1,error_burst
2683,1,error_burst
2684,1,error_burst
2685,1,error_burst
2686,0,normal
2687,0,normal
2688,0,normal
2689,0,normal
2690,0,normal
2691,0,normal
2692,0,normal
2693,0,normal
2694,0,normal
2695,0,normal
2696,0,normal
2697,0,normal
2698,0,normal
2699,0,normal
2700,0,normal
2701,0,normal
2702,1,long_url
2703,0,normal
2704,0,normal
2705,0,normal
2706,0,normal
2707,0,normal
2708,0,normal
2709,0,normal
2710,0,normal
2711,0,normal
2712,0,normal
2713,0,normal
2714,0,normal
2715,0,normal
2716,0,normal
2717,0,normal
2718,0,normal
2719,0,normal
2720,0,normal
2721,1,traversal
2722,0,normal
2723,1,traversal
2724,0,normal
2725,0,normal
2726,0,normal
2727,0,normal
2728,0,normal
2729,0,normal
2730,0,normal
2731,0,normal
2732,0,normal
2733,0,normal
2734,0,normal
2735,0,normal
2736,0,normal
2737,0,normal
2738,0,normal
2739,0,normal
2740,0,normal
2741,0,normal
2742,0,normal
2743,0,normal
2744,0,normal
2745,0,normal
2746,0,normal
2747,0,normal
2748,0,normal
2749,0,normal
2750,0,normal
2751,0,normal
2752,0,normal
2753,0,normal
2754,0,normal
2755,0,normal
2756,0,normal
2757,0,normal
2758,0,normal
2759,0,normal
2760,0,normal
2761,0,normal
2762,0,normal
2763,0,normal
2764,0,normal
2765,0,normal
2766,0,normal
2767,0,normal
2768,0,normal
2769,0,normal
2770,0,normal
2771,0,normal
2772,0,normal
2773,0,normal
2774,0,normal
2775,0,normal
2776,0,normal
2777,0,normal
2778,0,normal
2779,0,normal
2780,0,normal
2781,0,normal
2782,0,normal
2783,0,normal
2784,0,normal
2785,0,normal
2786,0,normal
2787,0,normal
2788,0,normal
2789,0,normal
2790,0,normal
2791,0,normal
2792,0,normal
2793,0,normal
2794,0,normal
2795,0,normal
2796,0,normal
2797,0,normal
2798,0,normal
2799,0,normal
2800,0,normal
2801,0,normal
2802,0,normal
2803,0,normal
2804,0,normal
2805,0,normal
2806,0,normal
2807,0,normal
2808,0,normal
2809,0,normal
2810,0,normal
2811,0,normal
2812,0,normal
2813,0,normal
2814,0,normal
2815,0,normal
2816,0,normal
2817,0,normal
2818,0,normal
2819,0,normal
2820,0,normal
2821,0,normal
2822,0,normal
2823,0,normal
2824,0,normal
2825,0,normal
2826,0,normal
2827,0,normal
2828,0,normal
2829,0,normal
2830,0,normal
2831,0,normal
2832,0,normal
2833,0,normal
2834,0,normal
2835,0,normal
2836,0,normal
2837,1,long_url
2838,0,normal
2839,0,normal
2840,0,normal
2841,0,normal
2842,0,normal
2843,0,normal
2844,0,normal
2845,0,normal
2846,0,normal
2847,0,normal
2848,0,normal
2849,0,normal
2850,0,normal
2851,0,normal
2852,0,normal
2853,0,normal
2854,0,normal
2855,0,normal
2856,0,normal
2857,0,normal
2858,0,normal
2859,0,normal
2860,0,normal
2861,0,normal
2862,0,normal
2863,0,normal
2864,0,normal
2865,0,normal
2866,0,normal
2867,0,normal
2868,0,normal
2869,0,normal
2870,0,normal
2871,0,normal
2872,0,normal
2873,0,normal
2874,0,normal
2875,0,normal
2876,0,normal
2877,0,normal
2878,0,normal
2879,0,normal
2880,0,normal
2881,0,normal
2882,1,bruteforce
2883,1,bruteforce
2884,1,bruteforce
2885,1,bruteforce
2886,1,bruteforce
2887,1,bruteforce
2888,1,bruteforce
2889,1,bruteforce
2890,1,bruteforce
2891,1,bruteforce
2892,0,normal
2893,0,normal
2894,0,normal
2895,0,normal
2896,0,normal
2897,0,normal
2898,0,normal
2899,0,normal
2900,0,normal
2901,0,normal
2902,1,long_url
2903,0,normal
2904,0,normal
2905,0,normal
2906,0,normal
2907,0,normal
2908,0,normal
2909,0,normal
2910,0,normal
2911,0,normal
2912,0,normal
2913,0,normal
2914,0,normal
2915,0,normal
2916,0,normal
2917,0,normal
2918,0,normal
2919,0,normal
2920,0,normal
2921,0,normal
2922,0,normal
2923,0,normal
2924,0,normal
2925,0,normal
2926,0,normal
2927,0,normal
2928,0,normal
2929,0,normal
2930,0,normal
2931,0,normal
2932,0,normal
2933,0,normal
2934,0,normal
2935,0,normal
2936,0,normal
2937,0,normal
2938,0,normal
2939,0,normal
2940,0,normal
2941,0,normal
2942,0,normal
2943,0,normal
2944,0,normal
2945,0,normal
2946,0,normal
2947,0,normal
2948,0,normal
2949,0,normal
2950,0,normal
2951,0,normal
2952,0,normal
2953,0,normal
2954,0,normal
2955,0,normal
2956,0,normal
2957,0,normal
2958,0,normal
2959,0,normal
2960,0,normal
2961,0,normal
2962,0,normal
2963,0,normal
2964,0,normal
2965,0,normal
2966,0,normal
2967,0,normal
2968,0,normal
2969,0,normal
2970,0,normal
2971,0,normal
2972,0,normal
2973,0,normal
2974,0,normal
2975,0,normal
2976,0,normal
2977,0,normal
2978,0,normal
2979,0,normal
2980,0,normal
2981,0,normal
2982,0,normal
2983,1,xss
2984,0,normal
2985,0,normal
2986,0,normal
2987,0,normal
2988,0,normal
2989,0,normal
2990,0,normal
2991,0,normal
2992,0,normal
2993,0,normal
2994,0,normal
2995,0,normal
2996,0,normal
2997,0,normal
2998,0,normal
2999,0,normal
3000,0,normal
3001,0,normal
3002,0,normal
3003,0,normal
3004,0,normal
3005,0,normal
3006,0,normal
3007,0,normal
3008,0,normal
3009,0,normal
3010,0,normal
3011,0,normal
3012,0,normal
3013,0,normal
3014,0,normal
3015,0,normal
3016,0,normal
3017,0,normal
3018,0,normal
3019,0,normal
3020,0,normal
3021,0,normal
3022,0,normal
3023,0,normal
3024,0,normal
3025,0,normal
3026,0,normal
3027,0,normal
3028,0,normal
3029,0,normal
3030,0,normal
3031,0,normal
3032,0,normal
3033,0,normal
3034,0,normal
3035,0,normal
3036,0,normal
3037,0,normal
3038,0,normal
3039,0,normal
3040,0,normal
3041,0,normal
3042,0,normal
3043,0,normal
3044,0,normal
3045,0,normal
3046,0,normal
3047,0,normal
3048,0,normal
3049,0,normal
3050,0,normal
3051,0,normal
3052,0,normal
3053,0,normal
3054,0,normal
3055,0,normal
3056,0,normal
3057,0,normal
3058,0,normal
3059,0,normal
3060,0,normal
3061,0,normal
3062,0,normal
3063,0,normal
3064,0,normal
3065,0,normal
3066,0,normal
3067,0,normal
3068,0,normal
3069,0,normal
3070,0,normal
3071,0,normal
3072,0,normal
3073,0,normal
3074,0,normal
3075,0,normal
3076,0,normal
3077,0,normal
3078,0,normal
3079,0,normal
3080,0,normal
3081,0,normal
3082,0,normal
3083,0,normal
3084,0,normal
3085,0,normal
3086,0,normal
3087,0,normal
3088,0,normal
3089,0,normal
3090,0,normal
3091,0,normal
3092,0,normal
3093,0,normal
3094,0,normal
3095,0,normal
3096,0,normal
3097,0,normal
3098,0,normal
3099,0,normal
3100,0,normal
3101,0,normal
3102,0,normal
3103,0,normal
3104,0,normal
3105,0,normal
3106,0,normal
3107,0,normal
3108,0,normal
3109,0,normal
3110,0,normal
3111,0,normal
3112,0,normal
3113,0,normal
3114,0,normal
3115,0,normal
3116,1,sqli
3117,0,normal
3118,0,normal
3119,0,normal
3120,0,normal
3121,0,normal
3122,0,normal
3123,0,normal
3124,0,normal
3125,0,normal
3126,1,xss
3127,0,normal
3128,0,normal
3129,0,normal
3130,0,normal
3131,0,normal
3132,0,normal
3133,0,normal
3134,0,normal
3135,0,normal
3136,0,normal
3137,0,normal
3138,0,normal
3139,0,normal
3140,0,normal
3141,0,normal
3142,0,normal
3143,0,normal
3144,0,normal
3145,0,normal
3146,0,normal
3147,0,normal
3148,0,normal
3149,0,normal
3150,0,normal
3151,0,normal
3152,0,normal
3153,0,normal
3154,0,normal
3155,0,normal
3156,0,normal
3157,0,normal
3158,0,normal
3159,0,normal
3160,1,bruteforce
3161,1,bruteforce
3162,1,bruteforce
3163,1,bruteforce
3164,1,bruteforce
3165,1,bruteforce
3166,1,bruteforce
3167,1,bruteforce
3168,1,bruteforce
3169,1,bruteforce
3170,1,bruteforce
3171,1,bruteforce
3172,1,bruteforce
3173,0,normal
3174,1,bruteforce
3175,1,bruteforce
3176,1,bruteforce
3177,1,bruteforce
3178,1,bruteforce
3179,1,bruteforce
3180,1,bruteforce
3181,1,bruteforce
3182,1,bruteforce
3183,1,bruteforce
3184,1,bruteforce
3185,1,bruteforce
3186,1,scanner
3187,0,normal
3188,0,normal
3189,0,normal
3190,0,normal
3191,0,normal
3192,0,normal
3193,0,normal
3194,0,normal
3195,0,normal
3196,0,normal
3197,0,normal
3198,0,normal
3199,0,normal
3200,0,normal
3201,0,normal
3202,0,normal
3203,0,normal
3204,0,normal
3205,0,normal
3206,0,normal
3207,0,normal
3208,0,normal
3209,0,normal
3210,0,normal
3211,0,normal
3212,0,normal
3213,0,normal
3214,0,normal
3215,0,normal
3216,0,normal
3217,0,normal
3218,0,normal
3219,0,normal
3220,0,normal
3221,0,normal
3222,0,normal
3223,1,traversal
3224,0,normal
3225,0,normal
3226,0,normal
3227,0,normal
3228,0,normal
3229,0,normal
3230,0,normal
3231,0,normal
3232,0,normal
3233,0,normal
3234,0,normal
3235,0,normal
3236,1,bruteforce
3237,1,bruteforce
3238,1,bruteforce
3239,1,bruteforce
3240,1,bruteforce
3241,1,bruteforce
3242,1,bruteforce
3243,1,bruteforce
3244,0,normal
3245,0,normal
3246,0,normal
3247,0,normal
3248,0,normal
3249,0,normal
3250,0,normal
3251,0,normal
3252,0,normal
3253,0,normal
3254,0,normal
3255,0,normal
3256,0,normal
3257,0,normal
3258,0,normal
3259,1,sqli
3260,0,normal
3261,0,normal
3262,0,normal
3263,0,normal
3264,0,normal
3265,0,normal
3266,0,normal
3267,0,normal
3268,0,normal
3269,0,normal
3270,0,normal
3271,0,normal
3272,0,normal
3273,0,normal
3274,0,normal
3275,0,normal
3276,1,sqli
3277,0,normal
3278,0,normal
3279,0,normal
3280,0,normal
3281,0,normal
3282,0,normal
3283,0,normal
3284,0,normal
3285,0,normal
3286,0,normal
3287,0,normal
3288,0,normal
3289,0,normal
3290,0,normal
3291,0,normal
3292,0,normal
3293,0,normal
3294,0,normal
3295,1,bruteforce
3296,1,bruteforce
3297,1,bruteforce
3298,1,bruteforce
3299,1,bruteforce
3300,1,bruteforce
3301,1,bruteforce
3302,1,bruteforce
3303,1,bruteforce
3304,1,bruteforce
3305,0,normal
3306,0,normal
3307,0,normal
3308,0,normal
3309,0,normal
3310,0,normal
3311,0,normal
3312,0,normal
3313,0,normal
3314,0,normal
3315,0,normal
3316,0,normal
3317,0,normal
3318,0,normal
3319,0,normal
3320,0,normal
3321,0,normal
3322,0,normal
3323,0,normal
3324,0,normal
3325,0,normal
3326,0,normal
3327,0,normal
3328,0,normal
3329,0,normal
3330,0,normal
3331,0,normal
3332,0,normal
3333,0,normal
3334,0,normal
3335,0,normal
3336,0,normal
3337,0,normal
3338,0,normal
3339,0,normal
3340,0,normal
3341,0,normal
3342,0,normal
3343,1,error_burst
3344,1,error_burst
3345,1,error_burst
3346,1,error_burst
3347,1,error_burst
3348,1,error_burst
3349,1,error_burst
3350,1,error_burst
3351,1,error_burst
3352,1,error_burst
3353,1,error_burst
3354,1,error_burst
3355,0,normal
3356,0,normal
3357,0,normal
3358,0,normal
3359,0,normal
3360,0,normal
3361,0,normal
3362,0,normal
3363,0,normal
3364,0,normal
3365,0,normal
3366,0,normal
3367,0,normal
3368,0,normal
3369,0,normal
3370,0,normal
3371,0,normal
3372,0,normal
3373,0,normal
3374,0,normal
3375,0,normal
3376,0,normal
3377,0,normal
3378,0,normal
3379,0,normal
3380,0,normal
3381,0,normal
3382,0,normal
3383,0,normal
3384,0,normal
3385,0,normal
3386,0,normal
3387,0,normal
3388,0,normal
3389,0,normal
3390,0,normal
3391,0,normal
3392,0,normal
3393,0,normal
3394,0,normal
3395,0,normal
3396,1,scanner
3397,0,normal
3398,0,normal
3399,0,normal
3400,0,normal
3401,0,normal
3402,1,error_burst
3403,1,error_burst
3404,1,error_burst
3405,1,error_burst
3406,1,error_burst
3407,1,error_burst
3408,1,error_burst
3409,1,error_burst
3410,1,error_burst
3411,1,error_burst
3412,1,error_burst
3413,1,error_burst
3414,1,error_burst
3415,1,error_burst
3416,1,error_burst
3417,0,normal
3418,0,normal
3419,1,error_burst
3420,1,error_burst
3421,1,error_burst
3422,1,error_burst
3423,1,error_burst
3424,1,error_burst
3425,1,error_burst
3426,1,error_burst
3427,1,error_burst
3428,1,error_burst
3429,1,error_burst
3430,1,error_burst
3431,1,error_burst
3432,0,normal
3433,0,normal
3434,0,normal
3435,0,normal
3436,0,normal
3437,0,normal
3438,0,normal
3439,0,normal
3440,0,normal
3441,0,normal
3442,0,normal
3443,0,normal
3444,0,normal
3445,0,normal
3446,0,normal
3447,0,normal
3448,0,normal
3449,0,normal
3450,0,normal
3451,0,normal
3452,0,normal
3453,0,normal
3454,0,normal
3455,0,normal
3456,0,normal
3457,1,sqli
3458,0,normal
3459,0,normal
3460,0,normal
3461,0,normal
3462,0,normal
3463,0,normal
3464,0,normal
3465,0,normal
3466,0,normal
3467,0,normal
3468,0,normal
3469,0,normal
3470,0,normal
3471,0,normal
3472,0,normal
3473,0,normal
3474,0,normal
3475,0,normal
3476,0,normal
3477,0,normal
3478,0,normal
3479,0,normal
3480,0,normal
3481,0,normal
3482,0,normal
3483,0,normal
3484,0,normal
3485,0,normal
3486,0,normal
3487,0,normal
3488,0,normal
3489,0,normal
3490,0,normal
3491,0,normal
3492,0,normal
3493,0,normal
3494,0,normal
3495,0,normal
3496,0,normal
3497,0,normal
3498,0,normal
3499,0,normal
3500,0,normal
3501,0,normal
3502,1,scanner
3503,0,normal
3504,0,normal
3505,0,normal
3506,0,normal
3507,1,long_url
3508,0,normal
3509,0,normal
3510,0,normal
3511,0,normal
3512,0,normal
3513,0,normal
3514,0,normal
3515,0,normal
3516,0,normal
3517,0,normal
3518,0,normal
3519,0,normal
3520,0,normal
3521,0,normal
3522,0,normal
3523,0,normal
3524,0,normal
3525,0,normal
3526,0,normal
3527,0,normal
3528,0,normal
3529,0,normal
3530,0,normal
3531,0,normal
3532,0,normal
3533,0,normal
3534,0,normal
3535,0,normal
3536,0,normal
3537,0,normal
3538,0,normal
3539,0,normal
3540,0,normal
3541,0,normal
3542,0,normal
3543,0,normal
3544,0,normal
3545,0,normal
3546,0,normal
3547,0,normal
3548,0,normal
3549,0,normal
3550,0,normal
3551,0,normal
3552,0,normal
3553,0,normal
3554,0,normal
3555,0,normal
3556,0,normal
3557,0,normal
3558,0,normal
3559,1,bruteforce
3560,1,bruteforce
3561,1,bruteforce
3562,1,bruteforce
3563,1,bruteforce
3564,1,bruteforce
3565,1,bruteforce
3566,1,bruteforce
3567,1,bruteforce
3568,1,bruteforce
3569,0,normal
3570,0,normal
3571,0,normal
3572,0,normal
3573,0,normal
3574,0,normal
3575,0,normal
3576,0,normal
3577,0,normal
3578,0,normal
3579,0,normal
3580,0,normal
3581,0,normal
3582,0,normal
3583,0,normal
3584,0,normal
3585,0,normal
3586,0,normal
3587,0,normal
3588,0,normal
3589,0,normal
3590,0,normal
3591,0,normal
3592,0,normal
3593,0,normal
3594,0,normal
3595,0,normal
3596,0,normal
3597,0,normal
3598,0,normal
3599,0,normal
3600,0,normal
3601,0,normal
3602,0,normal
3603,0,normal
3604,0,normal
3605,0,normal
3606,0,normal
3607,0,normal
3608,0,normal
3609,0,normal
3610,0,normal
3611,0,normal
3612,0,normal
3613,0,normal
3614,0,normal
3615,0,normal
3616,0,normal
3617,0,normal
3618,0,normal
3619,0,normal
3620,0,normal
3621,0,normal
3622,0,normal
3623,0,normal
3624,0,normal
3625,0,normal
3626,0,normal
3627,0,normal
3628,0,normal
3629,0,normal
3630,0,normal
3631,0,normal
3632,0,normal
3633,0,normal
3634,0,normal
3635,0,normal
3636,0,normal
3637,0,normal
3638,0,normal
3639,0,normal
3640,0,normal
3641,0,normal
3642,0,normal
3643,0,normal
3644,0,normal
3645,0,normal
3646,0,normal
3647,0,normal
3648,0,normal
3649,0,normal
3650,0,normal
3651,0,normal
3652,0,normal
3653,0,normal
3654,0,normal
3655,0,normal
3656,1,error_burst
3657,1,error_burst
3658,1,error_burst
3659,1,error_burst
3660,1,error_burst
3661,1,error_burst
3662,1,error_burst
3663,1,error_burst
3664,1,error_burst
3665,1,error_burst
3666,1,error_burst
3667,1,error_burst
3668,0,normal
3669,0,normal
3670,0,normal
3671,0,normal
3672,0,normal
3673,0,normal
3674,0,normal
3675,0,normal
3676,0,normal
3677,0,normal
3678,0,normal
3679,0,normal
3680,0,normal
3681,0,normal
3682,0,normal
3683,0,normal
3684,0,normal
3685,0,normal
3686,0,normal
3687,0,normal
3688,0,normal
3689,0,normal
3690,0,normal
3691,0,normal
3692,0,normal
3693,0,normal
3694,0,normal
3695,0,normal
3696,0,normal
3697,0,normal
3698,0,normal
3699,0,normal
3700,0,normal
3701,0,normal
3702,0,normal
3703,0,normal
3704,0,normal
3705,0,normal
3706,0,normal
3707,0,normal
3708,0,normal
3709,0,normal
3710,0,normal
3711,0,normal
3712,0,normal
3713,0,normal
3714,0,normal
3715,0,normal
3716,0,normal
3717,0,normal
3718,0,normal
3719,0,normal
3720,0,normal
3721,0,normal
3722,0,normal
3723,0,normal
3724,0,normal
3725,0,normal
3726,0,normal
3727,0,normal
3728,0,normal
3729,0,normal
3730,0,normal
3731,0,normal
3732,0,normal
3733,0,normal
3734,0,normal
3735,0,normal
3736,0,normal
3737,0,normal
3738,0,normal
3739,0,normal
3740,0,normal
3741,0,normal
3742,0,normal
3743,0,normal
3744,0,normal
3745,0,normal
3746,0,normal
3747,0,normal
3748,0,normal
3749,0,normal
3750,0,normal
3751,0,normal
3752,0,normal
3753,0,normal
3754,0,normal
3755,0,normal
3756,0,normal
3757,0,normal
3758,0,normal
3759,0,normal
3760,0,normal
3761,0,normal
3762,0,normal
3763,1,sqli
3764,0,normal
3765,0,normal
3766,0,normal
3767,0,normal
3768,0,normal
3769,0,normal
3770,0,normal
3771,0,normal
3772,0,normal
3773,0,normal
3774,0,normal
3775,0,normal
3776,0,normal
3777,0,normal
3778,0,normal
3779,0,normal
3780,0,normal
3781,0,normal
3782,0,normal
3783,0,normal
3784,0,normal
3785,0,normal
3786,0,normal
3787,0,normal
3788,0,normal
3789,0,normal
3790,0,normal
3791,0,normal
3792,0,normal
3793,0,normal
3794,0,normal
3795,0,normal
3796,0,normal
3797,1,xss
3798,0,normal
3799,0,normal
3800,0,normal
3801,0,normal
3802,0,normal
3803,0,normal
3804,0,normal
3805,0,normal
3806,0,normal
3807,0,normal
3808,0,normal
3809,0,normal
3810,0,normal
3811,0,normal
3812,0,normal
3813,0,normal
3814,0,normal
3815,0,normal
3816,0,normal
3817,0,normal
3818,0,normal
3819,0,normal
3820,0,normal
3821,0,normal
3822,0,normal
3823,0,normal
3824,0,normal
3825,0,normal
3826,0,normal
3827,0,normal
3828,0,normal
3829,0,normal
3830,0,normal
3831,0,normal
3832,0,normal
3833,0,normal
3834,0,normal
3835,0,normal
3836,0,normal
3837,0,normal
3838,0,normal
3839,0,normal
3840,0,normal
3841,1,long_url
3842,0,normal
3843,0,normal
3844,0,normal
3845,0,normal
3846,0,normal
3847,0,normal
3848,0,normal
3849,0,normal
3850,0,normal
3851,0,normal
3852,0,normal
3853,0,normal
3854,1,error_burst
3855,1,error_burst
3856,1,error_burst
3857,1,error_burst
3858,1,error_burst
3859,1,error_burst
3860,1,error_burst
3861,1,error_burst
3862,1,error_burst
3863,1,error_burst
3864,1,error_burst
3865,1,error_burst
3866,1,error_burst
3867,0,normal
3868,0,normal
3869,0,normal
3870,0,normal
3871,0,normal
3872,0,normal
3873,0,normal
3874,0,normal
3875,0,normal
3876,0,normal
3877,0,normal
3878,0,normal
3879,0,normal
3880,0,normal
3881,0,normal
3882,0,normal
3883,0,normal
3884,1,traversal
3885,0,normal
3886,0,normal
3887,0,normal
3888,0,normal
3889,0,normal
3890,0,normal
3891,0,normal
3892,0,normal
3893,0,normal
3894,0,normal
3895,0,normal
3896,0,normal
3897,0,normal
3898,0,normal
3899,0,normal
3900,1,bruteforce
3901,1,bruteforce
3902,1,bruteforce
3903,1,bruteforce
3904,1,bruteforce
3905,1,bruteforce
3906,1,bruteforce
3907,1,bruteforce
3908,0,normal
3909,0,normal
3910,0,normal
3911,0,normal
3912,0,normal
3913,0,normal
3914,0,normal
3915,0,normal
3916,0,normal
3917,1,scanner
3918,0,normal
3919,0,normal
3920,0,normal
3921,0,normal
3922,0,normal
3923,0,normal
3924,0,normal
3925,0,normal
3926,0,normal
3927,0,normal
3928,0,normal
3929,0,normal
3930,0,normal
3931,0,normal
3932,0,normal
3933,0,normal
3934,0,normal
3935,0,normal
3936,0,normal
3937,0,normal
3938,0,normal
3939,0,normal
3940,0,normal
3941,0,normal
3942,0,normal
3943,0,normal
3944,0,normal
3945,0,normal
3946,0,normal
3947,0,normal
3948,0,normal
3949,0,normal
3950,0,normal
3951,0,normal
3952,0,normal
3953,0,normal
3954,0,normal
3955,0,normal
3956,0,normal
3957,0,normal
3958,0,normal
3959,0,normal
3960,0,normal
3961,0,normal
3962,0,normal
3963,0,normal
3964,0,normal
3965,1,long_url
3966,0,normal
3967,0,normal
3968,0,normal
3969,0,normal
3970,0,normal
3971,0,normal
3972,0,normal
3973,0,normal
3974,0,normal
3975,0,normal
3976,0,normal
3977,0,normal
3978,0,normal
3979,0,normal
3980,0,normal
3981,0,normal
3982,0,normal
3983,0,normal
3984,0,normal
3985,0,normal
3986,0,normal
3987,0,normal
3988,0,normal
3989,0,normal
3990,0,normal
3991,0,normal
3992,0,normal
3993,0,normal
3994,0,normal
3995,0,normal
3996,0,normal
3997,0,normal
3998,0,normal
3999,0,normal
4000,0,normal
4001,0,normal
4002,0,normal
4003,0,normal
4004,0,normal
4005,0,normal
4006,0,normal
4007,0,normal
4008,0,normal
4009,0,normal
4010,0,normal
4011,0,normal
4012,0,normal
4013,0,normal
4014,0,normal
4015,0,normal
4016,0,normal
4017,0,normal
4018,0,normal
4019,0,normal
4020,0,normal
4021,0,normal
4022,0,normal
4023,0,normal
4024,0,normal
4025,0,normal
4026,0,normal
4027,0,normal
4028,0,normal
4029,0,normal
4030,0,normal
4031,1,xss
4032,0,normal
4033,0,normal
4034,0,normal
4035,0,normal
4036,0,normal
4037,0,normal
4038,0,normal
4039,0,normal
4040,0,normal
4041,0,normal
4042,0,normal
4043,0,normal
4044,0,normal
4045,0,normal
4046,0,normal
4047,0,normal
4048,0,normal
4049,0,normal
4050,0,normal
4051,0,normal
4052,0,normal
4053,0,normal
4054,0,normal
4055,0,normal
4056,0,normal
4057,0,normal
4058,0,normal
4059,0,normal
4060,0,normal
4061,0,normal
4062,0,normal
4063,0,normal
4064,0,normal
4065,0,normal
4066,0,normal
4067,0,normal
4068,0,normal
4069,0,normal
4070,0,normal
4071,0,normal
4072,0,normal
4073,0,normal
4074,0,normal
4075,0,normal
4076,0,normal
4077,0,normal
4078,0,normal
4079,0,normal
4080,0,normal
4081,0,normal
4082,0,normal
4083,0,normal
4084,0,normal
4085,0,normal
4086,0,normal
4087,0,normal
4088,0,normal
4089,0,normal
4090,0,normal
4091,0,normal
4092,1,traversal
4093,0,normal
4094,0,normal
4095,0,normal
4096,0,normal
4097,0,normal
4098,0,normal
4099,0,normal
4100,0,normal
4101,0,normal
4102,0,normal
4103,0,normal
4104,0,normal
4105,0,normal
4106,0,normal
4107,0,normal
4108,0,normal
4109,0,normal
4110,0,normal
4111,1,error_burst
4112,1,error_burst
4113,1,error_burst
4114,1,error_burst
4115,1,error_burst
4116,1,error_burst
4117,1,error_burst
4118,1,error_burst
4119,0,normal
4120,0,normal
4121,0,normal
4122,0,normal
4123,0,normal
4124,0,normal
4125,0,normal
4126,0,normal
4127,1,scanner
4128,0,normal
4129,0,normal
4130,0,normal
4131,0,normal
4132,0,normal
4133,0,normal
4134,0,normal
4135,0,normal
4136,0,normal
4137,0,normal
4138,0,normal
4139,0,normal
4140,0,normal
4141,0,normal
4142,0,normal
4143,0,normal
4144,0,normal
4145,0,normal
4146,1,xss
4147,0,normal
4148,0,normal
4149,0,normal
4150,0,normal
4151,0,normal
4152,0,normal
4153,0,normal
4154,0,normal
4155,0,normal
4156,0,normal
4157,0,normal
4158,0,normal
4159,0,normal
4160,0,normal
4161,0,normal
4162,1,bruteforce
4163,1,bruteforce
4164,1,bruteforce
4165,1,bruteforce
4166,1,bruteforce
4167,1,bruteforce
4168,0,normal
4169,0,normal
4170,0,normal
4171,0,normal
4172,1,xss
4173,0,normal
4174,0,normal
4175,0,normal
4176,0,normal
4177,0,normal
4178,0,normal
4179,0,normal
4180,0,normal
4181,0,normal
4182,1,xss
4183,0,normal
4184,0,normal
4185,0,normal
4186,0,normal
4187,0,normal
4188,0,normal
4189,0,normal
4190,0,normal
4191,0,normal
4192,0,normal
4193,0,normal
4194,0,normal
4195,0,normal
4196,0,normal
4197,0,normal
4198,0,normal
4199,0,normal
4200,0,normal
4201,0,normal
4202,0,normal
4203,0,normal
4204,0,normal
4205,0,normal
4206,0,normal
4207,0,normal
4208,0,normal
4209,0,normal
4210,0,normal
4211,0,normal
4212,0,normal
4213,0,normal
4214,0,normal
4215,0,normal
4216,1,xss
4217,0,normal
4218,0,normal
4219,0,normal
4220,0,normal
4221,0,normal
4222,0,normal
4223,0,normal
4224,0,normal
4225,0,normal
4226,0,normal
4227,0,normal
4228,0,normal
4229,0,normal
4230,0,normal
4231,0,normal
4232,0,normal
4233,0,normal
4234,0,normal
4235,0,normal
4236,0,normal
4237,0,normal
4238,0,normal
4239,0,normal
4240,0,normal
4241,0,normal
4242,0,normal
4243,0,normal
4244,0,normal
4245,0,normal
4246,0,normal
4247,0,normal
4248,0,normal
4249,0,normal
4250,0,normal
4251,0,normal
4252,1,xss
4253,0,normal
4254,0,normal
4255,0,normal
4256,0,normal
4257,0,normal
4258,0,normal
4259,0,normal
4260,0,normal
4261,0,normal
4262,0,normal
4263,1,bruteforce
4264,1,bruteforce
4265,1,bruteforce
4266,1,bruteforce
4267,1,bruteforce
4268,1,bruteforce
4269,1,bruteforce
4270,1,bruteforce
4271,1,bruteforce
4272,1,bruteforce
4273,1,bruteforce
4274,1,bruteforce
4275,1,bruteforce
4276,1,bruteforce
4277,1,bruteforce
4278,0,normal
4279,0,normal
4280,0,normal
4281,0,normal
4282,0,normal
4283,0,normal
4284,0,normal
4285,0,normal
4286,0,normal
4287,0,normal
4288,0,normal
4289,0,normal
4290,0,normal
4291,0,normal
4292,0,normal
4293,0,normal
4294,0,normal
4295,0,normal
4296,0,normal
4297,0,normal
4298,0,normal
4299,0,normal
4300,0,normal
4301,0,normal
4302,0,normal
4303,0,normal
4304,0,normal
4305,0,normal
4306,0,normal
4307,0,normal
4308,0,normal
4309,0,normal
4310,0,normal
4311,0,normal
4312,0,normal
4313,0,normal
4314,0,normal
4315,0,normal
4316,0,normal
4317,0,normal
4318,0,normal
4319,0,normal
4320,0,normal
4321,0,normal
4322,0,normal
4323,0,normal
4324,0,normal
4325,0,normal
4326,0,normal
4327,0,normal
4328,0,normal
4329,0,normal
4330,1,bruteforce
4331,1,bruteforce
4332,1,bruteforce
4333,1,bruteforce
4334,1,bruteforce
4335,1,bruteforce
4336,1,bruteforce
4337,1,bruteforce
4338,1,bruteforce
4339,1,bruteforce
4340,1,bruteforce
4341,1,bruteforce
4342,1,bruteforce
4343,1,bruteforce
4344,1,bruteforce
4345,0,normal
4346,0,normal
4347,0,normal
4348,0,normal
4349,0,normal
4350,0,normal
4351,0,normal
4352,0,normal
4353,0,normal
4354,0,normal
4355,0,normal
4356,0,normal
4357,0,normal
4358,0,normal
4359,0,normal
4360,0,normal
4361,0,normal
4362,0,normal
4363,0,normal
4364,0,normal
4365,0,normal
4366,0,normal
4367,0,normal
4368,0,normal
4369,0,normal
4370,0,normal
4371,0,normal
4372,0,normal
4373,0,normal
4374,0,normal
4375,0,normal
4376,0,normal
4377,0,normal
4378,0,normal
4379,0,normal
4380,0,normal
4381,0,normal
4382,0,normal
4383,0,normal
4384,0,normal
4385,0,normal
4386,0,normal
4387,0,normal
4388,0,normal
4389,0,normal
4390,1,xss
4391,0,normal
4392,0,normal
4393,0,normal
4394,0,normal
4395,0,normal
4396,0,normal
4397,0,normal
4398,0,normal
4399,0,normal
4400,0,normal
4401,0,normal
4402,0,normal
4403,0,normal
4404,0,normal
4405,0,normal
4406,0,normal
4407,0,normal
4408,0,normal
4409,0,normal
4410,0,normal
4411,0,normal
4412,0,normal
4413,0,normal
4414,0,normal
4415,0,normal
4416,0,normal
4417,0,normal
4418,0,normal
4419,0,normal
4420,0,normal
4421,1,xss
4422,0,normal
4423,0,normal
4424,0,normal
4425,0,normal
4426,0,normal
4427,0,normal
4428,0,normal
4429,0,normal
4430,0,normal
4431,0,normal
4432,0,normal
4433,0,normal
4434,0,normal
4435,0,normal
4436,0,normal
4437,0,normal
4438,0,normal
4439,0,normal
4440,0,normal
4441,0,normal
4442,0,normal
4443,0,normal
4444,0,normal
4445,0,normal
4446,0,normal
4447,0,normal
4448,0,normal
4449,0,normal
4450,0,normal
4451,0,normal
4452,0,normal
4453,0,normal
4454,0,normal
4455,0,normal
4456,0,normal
4457,0,normal
4458,0,normal
4459,0,normal
4460,0,normal
4461,0,normal
4462,0,normal
4463,0,normal
4464,0,normal
4465,0,normal
4466,0,normal
4467,0,normal
4468,0,normal
4469,0,normal
4470,0,normal
4471,0,normal
4472,0,normal
4473,0,normal
4474,0,normal
4475,0,normal
4476,0,normal
4477,0,normal
4478,0,normal
4479,0,normal
4480,0,normal
4481,0,normal
4482,0,normal
4483,0,normal
4484,0,normal
4485,0,normal
4486,1,xss
4487,0,normal
4488,0,normal
4489,0,normal
4490,0,normal
4491,0,normal
4492,0,normal
4493,0,normal
4494,0,normal
4495,0,normal
4496,0,normal
4497,0,normal
4498,0,normal
4499,0,normal
4500,0,normal
4501,0,normal
4502,0,normal
4503,0,normal
4504,0,normal
4505,0,normal
4506,0,normal
4507,0,normal
4508,0,normal
4509,0,normal
4510,0,normal
4511,0,normal
4512,0,normal
4513,0,normal
4514,0,normal
4515,0,normal
4516,0,normal
4517,0,normal
4518,0,normal
4519,0,normal
4520,0,normal
4521,0,normal
4522,0,normal
4523,0,normal
4524,0,normal
4525,0,normal
4526,1,error_burst
4527,1,error_burst
4528,1,error_burst
4529,1,error_burst
4530,1,error_burst
4531,1,error_burst
4532,1,error_burst
4533,1,error_burst
4534,1,error_burst
4535,1,error_burst
4536,1,error_burst
4537,1,error_burst
4538,0,normal
4539,0,normal
4540,0,normal
4541,0,normal
4542,0,normal
4543,0,normal
4544,0,normal
4545,0,normal
4546,0,normal
4547,0,normal
4548,0,normal
4549,0,normal
4550,0,normal
4551,0,normal
4552,1,bruteforce
4553,1,bruteforce
4554,1,bruteforce
4555,1,bruteforce
4556,1,bruteforce
4557,1,bruteforce
4558,1,bruteforce
4559,1,bruteforce
4560,1,bruteforce
4561,1,bruteforce
4562,1,bruteforce
4563,1,bruteforce
4564,1,bruteforce
4565,1,bruteforce
4566,1,bruteforce
4567,1,bruteforce
4568,0,normal
4569,0,normal
4570,0,normal
4571,0,normal
4572,0,normal
4573,0,normal
4574,0,normal
4575,0,normal
4576,0,normal
4577,0,normal
4578,0,normal
4579,0,normal
4580,0,normal
4581,0,normal
4582,0,normal
4583,0,normal
4584,0,normal
4585,0,normal
4586,0,normal
4587,0,normal
4588,0,normal
4589,0,normal
4590,0,normal
4591,0,normal
4592,0,normal
4593,0,normal
4594,0,normal
4595,0,normal
4596,0,normal
4597,0,normal
4598,0,normal
4599,0,normal
4600,0,normal
4601,0,normal
4602,0,normal
4603,0,normal
4604,0,normal
4605,0,normal
4606,0,normal
4607,0,normal
4608,0,normal
4609,0,normal
4610,0,normal
4611,0,normal
4612,0,normal
4613,0,normal
4614,0,normal
4615,0,normal
4616,0,normal
4617,0,normal
4618,0,normal
4619,0,normal
4620,0,normal
4621,0,normal
4622,0,normal
4623,0,normal
4624,0,normal
4625,0,normal
4626,0,normal
4627,0,normal
4628,0,normal
4629,0,normal
4630,0,normal
4631,0,normal
4632,0,normal
4633,0,normal
4634,0,normal
4635,0,normal
4636,0,normal
4637,0,normal
4638,0,normal
4639,0,normal
4640,0,normal
4641,0,normal
4642,0,normal
4643,0,normal
4644,0,normal
4645,0,normal
4646,0,normal
4647,0,normal
4648,0,normal
4649,0,normal
4650,0,normal
4651,0,normal
4652,0,normal
4653,0,normal
4654,0,normal
4655,0,normal
4656,0,normal
4657,0,normal
4658,0,normal
4659,0,normal
4660,0,normal
4661,0,normal
4662,0,normal
4663,0,normal
4664,0,normal
4665,0,normal
4666,0,normal
4667,0,normal
4668,0,normal
4669,0,normal
4670,0,normal
4671,0,normal
4672,0,normal
4673,0,normal
4674,0,normal
4675,0,normal
4676,0,normal
4677,0,normal
4678,0,normal
4679,0,normal
4680,0,normal
4681,0,normal
4682,0,normal
4683,0,normal
4684,0,normal
4685,0,normal
4686,0,normal
4687,0,normal
4688,0,normal
4689,0,normal
4690,0,normal
4691,0,normal
4692,0,normal
4693,0,normal
4694,0,normal
4695,0,normal
4696,0,normal
4697,0,normal
4698,0,normal
4699,0,normal
4700,0,normal
4701,0,normal
4702,0,normal
4703,0,normal
4704,0,normal
4705,0,normal
4706,0,normal
4707,0,normal
4708,0,normal
4709,0,normal
4710,0,normal
4711,0,normal
4712,0,normal
4713,0,normal
4714,0,normal
4715,0,normal
4716,0,normal
4717,0,normal
4718,0,normal
4719,0,normal
4720,0,normal
4721,0,normal
4722,0,normal
4723,0,normal
4724,0,normal
4725,1,long_url
4726,0,normal
4727,0,normal
4728,0,normal
4729,0,normal
4730,0,normal
4731,0,normal
4732,0,normal
4733,0,normal
4734,0,normal
4735,0,normal
4736,0,normal
4737,0,normal
4738,0,normal
4739,0,normal
4740,0,normal
4741,0,normal
4742,0,normal
4743,0,normal
4744,0,normal
4745,0,normal
4746,0,normal
4747,0,normal
4748,0,normal
4749,0,normal
4750,0,normal
4751,0,normal
4752,0,normal
4753,0,normal
4754,0,normal
4755,0,normal
4756,0,normal
4757,0,normal
4758,0,normal
4759,0,normal
4760,0,normal
4761,0,normal
4762,0,normal
4763,0,normal
4764,0,normal
4765,0,normal
4766,0,normal
4767,0,normal
4768,0,normal
4769,0,normal
4770,0,normal
4771,0,normal
4772,0,normal
4773,0,normal
4774,0,normal
4775,0,normal
4776,0,normal
4777,0,normal
4778,0,normal
4779,0,normal
4780,0,normal
4781,0,normal
4782,0,normal
4783,0,normal
4784,0,normal
4785,0,normal
4786,0,normal
4787,0,normal
4788,0,normal
4789,0,normal
4790,0,normal
4791,0,normal
4792,0,normal
4793,0,normal
4794,0,normal
4795,0,normal
4796,0,normal
4797,0,normal
4798,0,normal
4799,0,normal
4800,0,normal
4801,0,normal
4802,0,normal
4803,0,normal
4804,0,normal
4805,0,normal
4806,0,normal
4807,0,normal
4808,0,normal
4809,0,normal
4810,0,normal
4811,0,normal
4812,0,normal
4813,0,normal
4814,0,normal
4815,0,normal
4816,0,normal
4817,0,normal
4818,0,normal
4819,0,normal
4820,0,normal
4821,0,normal
4822,0,normal
4823,0,normal
4824,0,normal
4825,1,traversal
4826,0,normal
4827,0,normal
4828,0,normal
4829,0,normal
4830,0,normal
4831,0,normal
4832,0,normal
4833,0,normal
4834,0,normal
4835,0,normal
4836,1,bruteforce
4837,1,bruteforce
4838,1,bruteforce
4839,1,bruteforce
4840,1,bruteforce
4841,1,bruteforce
4842,1,bruteforce
4843,1,bruteforce
4844,1,bruteforce
4845,1,bruteforce
4846,0,normal
4847,0,normal
4848,0,normal
4849,0,normal
4850,0,normal
4851,0,normal
4852,0,normal
4853,0,normal
4854,0,normal
4855,0,normal
4856,0,normal
4857,0,normal
4858,0,normal
4859,0,normal
4860,0,normal
4861,0,normal
4862,0,normal
4863,0,normal
4864,0,normal
4865,0,normal
4866,0,normal
4867,0,normal
4868,0,normal
4869,0,normal
4870,0,normal
4871,0,normal
4872,1,bruteforce
4873,1,bruteforce
4874,1,bruteforce
4875,1,bruteforce
4876,1,bruteforce
4877,1,bruteforce
4878,1,bruteforce
4879,1,bruteforce
4880,1,bruteforce
4881,1,bruteforce
4882,1,bruteforce
4883,1,bruteforce
4884,1,bruteforce
4885,1,bruteforce
4886,1,bruteforce
4887,1,bruteforce
4888,0,normal
4889,0,normal
4890,0,normal
4891,0,normal
4892,0,normal
4893,0,normal
4894,0,normal
4895,1,bruteforce
4896,1,bruteforce
4897,1,bruteforce
4898,1,bruteforce
4899,1,bruteforce
4900,1,bruteforce
4901,1,bruteforce
4902,1,bruteforce
4903,0,normal
4904,0,normal
4905,0,normal
4906,0,normal
4907,0,normal
4908,0,normal
4909,0,normal
4910,0,normal
4911,0,normal
4912,0,normal
4913,0,normal
4914,0,normal
4915,0,normal
4916,0,normal
4917,0,normal
4918,0,normal
4919,0,normal
4920,0,normal
4921,0,normal
4922,0,normal
4923,0,normal
4924,0,normal
4925,0,normal
4926,0,normal
4927,0,normal
4928,0,normal
4929,0,normal
4930,0,normal
4931,0,normal
4932,0,normal
4933,0,normal
4934,0,normal
4935,0,normal
4936,0,normal
4937,0,normal
4938,0,normal
4939,0,normal
4940,0,normal
4941,0,normal
4942,0,normal
4943,0,normal
4944,0,normal
4945,0,normal
4946,0,normal
4947,0,normal
4948,0,normal
4949,0,normal
4950,0,normal
4951,0,normal
4952,0,normal
4953,0,normal
4954,0,normal
4955,0,normal
4956,0,normal
4957,0,normal
4958,0,normal
4959,0,normal
4960,0,normal
4961,0,normal
4962,0,normal
4963,0,normal
4964,0,normal
4965,0,normal
4966,0,normal
4967,0,normal
4968,0,normal
4969,0,normal
4970,0,normal
4971,0,normal
4972,0,normal
4973,0,normal
4974,0,normal
4975,0,normal
4976,0,normal
4977,0,normal
4978,0,normal
4979,0,normal
4980,0,normal
4981,0,normal
4982,0,normal
4983,1,scanner
4984,0,normal
4985,0,normal
4986,0,normal
4987,0,normal
4988,0,normal
4989,0,normal
4990,0,normal
4991,0,normal
4992,0,normal
4993,0,normal
4994,0,normal
4995,0,normal
4996,0,normal
4997,1,xss
4998,0,normal
4999,0,normal
5000,0,normal
